Image,Label_idx,Cellline,in_trainset,Label,ID,Nucleoplasm,Nuclear Membrane,Nucleoli,Nucleoli Fibrillar Center,Nuclear Speckles,Nuclear Bodies,Endoplasmic Reticulum,Golgi Apparatus,Intermediate Filaments,Actin Filaments,Microtubules,Mitotic Spindle,Centrosome,Plasma Membrane,Mitochondria,Aggresome,Cytosol,Vesicles,Negative
https://images.proteinatlas.org/11082/1637_E6_31,"Nucleoplasm,Mitotic spindle",U-2 OS,TRUE,0|11,1637_E6_31,1,0,0,0,0,0,0,0,0,0,0,1,0,0,0,0,0,0,0
https://images.proteinatlas.org/11082/1637_E6_32,"Nucleoplasm,Mitotic spindle",U-2 OS,TRUE,0|11,1637_E6_32,1,0,0,0,0,0,0,0,0,0,0,1,0,0,0,0,0,0,0
https://images.proteinatlas.org/11082/1784_A4_1,"Nucleoplasm,Cytokinetic bridge,Mitotic spindle",AF22,TRUE,0|11,1784_A4_1,1,0,0,0,0,0,0,0,0,0,0,1,0,0,0,0,0,0,0
https://images.proteinatlas.org/11082/1784_A4_4,"Nucleoplasm,Cytokinetic bridge,Mitotic spindle",AF22,TRUE,0|11,1784_A4_4,1,0,0,0,0,0,0,0,0,0,0,1,0,0,0,0,0,0,0
https://images.proteinatlas.org/12381/1877_D2_31,"Nucleoplasm,Vesicles,Mitotic spindle",HEL,TRUE,0|11|17,1877_D2_31,1,0,0,0,0,0,0,0,0,0,0,1,0,0,0,0,0,1,0
https://images.proteinatlas.org/12381/1877_D2_32,"Nucleoplasm,Vesicles,Mitotic spindle",HEL,TRUE,0|11|17,1877_D2_32,1,0,0,0,0,0,0,0,0,0,0,1,0,0,0,0,0,1,0
https://images.proteinatlas.org/13881/1926_C8_2,"Golgi apparatus,Mitotic spindle,Cytosol",THP-1,TRUE,7|11|16,1926_C8_2,0,0,0,0,0,0,0,1,0,0,0,1,0,0,0,0,1,0,0
https://images.proteinatlas.org/13881/1926_C8_4,"Golgi apparatus,Mitotic spindle,Cytosol",THP-1,TRUE,7|11|16,1926_C8_4,0,0,0,0,0,0,0,1,0,0,0,1,0,0,0,0,1,0,0
https://images.proteinatlas.org/19118/1926_D2_1,"Microtubules,Mitotic spindle",THP-1,TRUE,10|11,1926_D2_1,0,0,0,0,0,0,0,0,0,0,1,1,0,0,0,0,0,0,0
https://images.proteinatlas.org/19118/1926_D2_5,"Microtubules,Mitotic spindle",THP-1,TRUE,10|11,1926_D2_5,0,0,0,0,0,0,0,0,0,0,1,1,0,0,0,0,0,0,0
https://images.proteinatlas.org/2024/1422_H6_1,"Plasma membrane,Aggresome",RT4,TRUE,13|15,1422_H6_1,0,0,0,0,0,0,0,0,0,0,0,0,0,1,0,1,0,0,0
https://images.proteinatlas.org/2024/1422_H6_2,"Plasma membrane,Aggresome",RT4,TRUE,13|15,1422_H6_2,0,0,0,0,0,0,0,0,0,0,0,0,0,1,0,1,0,0,0
https://images.proteinatlas.org/20406/365_B7_1,"Nuclear speckles,Aggresome",U-2 OS,TRUE,4|15,365_B7_1,0,0,0,0,1,0,0,0,0,0,0,0,0,0,0,1,0,0,0
https://images.proteinatlas.org/20406/365_B7_2,"Nuclear speckles,Aggresome",U-2 OS,TRUE,4|15,365_B7_2,0,0,0,0,1,0,0,0,0,0,0,0,0,0,0,1,0,0,0
https://images.proteinatlas.org/2356/1970_D4_2,"Plasma membrane,Mitotic spindle,Centriolar satellite",JURKAT,TRUE,11|12|13,1970_D4_2,0,0,0,0,0,0,0,0,0,0,0,1,1,1,0,0,0,0,0
https://images.proteinatlas.org/2356/1970_D4_3,"Plasma membrane,Mitotic spindle,Centriolar satellite",JURKAT,TRUE,11|12|13,1970_D4_3,0,0,0,0,0,0,0,0,0,0,0,1,1,1,0,0,0,0,0
https://images.proteinatlas.org/24777/1558_D2_1,"Aggresome,Cytosol",Hep G2,TRUE,15|16,1558_D2_1,0,0,0,0,0,0,0,0,0,0,0,0,0,0,0,1,1,0,0
https://images.proteinatlas.org/24777/1558_D2_2,"Aggresome,Cytosol",Hep G2,TRUE,15|16,1558_D2_2,0,0,0,0,0,0,0,0,0,0,0,0,0,0,0,1,1,0,0
https://images.proteinatlas.org/26685/1729_G1_5,"Microtubules,Cytokinetic bridge,Mitotic spindle",HEK 293,TRUE,10|11,1729_G1_5,0,0,0,0,0,0,0,0,0,0,1,1,0,0,0,0,0,0,0
https://images.proteinatlas.org/2837/1917_A1_1,"Nucleoplasm,Plasma membrane,Mitotic spindle",Hep G2,TRUE,0|11|13,1917_A1_1,1,0,0,0,0,0,0,0,0,0,0,1,0,1,0,0,0,0,0
https://images.proteinatlas.org/2837/1917_A1_2,"Nucleoplasm,Plasma membrane,Mitotic spindle",Hep G2,TRUE,0|11|13,1917_A1_2,1,0,0,0,0,0,0,0,0,0,0,1,0,1,0,0,0,0,0
https://images.proteinatlas.org/2837/1965_A1_2,"Nucleoplasm,Plasma membrane,Mitotic spindle",CACO-2,TRUE,0|11|13,1965_A1_2,1,0,0,0,0,0,0,0,0,0,0,1,0,1,0,0,0,0,0
https://images.proteinatlas.org/2837/1965_A1_3,"Nucleoplasm,Plasma membrane,Mitotic spindle",CACO-2,TRUE,0|11|13,1965_A1_3,1,0,0,0,0,0,0,0,0,0,0,1,0,1,0,0,0,0,0
https://images.proteinatlas.org/29565/1386_C2_1,Aggresome,RT4,TRUE,15,1386_C2_1,0,0,0,0,0,0,0,0,0,0,0,0,0,0,0,1,0,0,0
https://images.proteinatlas.org/29565/1386_C2_2,Aggresome,RT4,TRUE,15,1386_C2_2,0,0,0,0,0,0,0,0,0,0,0,0,0,0,0,1,0,0,0
https://images.proteinatlas.org/31427/1383_G11_1,"Nucleoplasm,Aggresome",RT4,TRUE,0|15,1383_G11_1,1,0,0,0,0,0,0,0,0,0,0,0,0,0,0,1,0,0,0
https://images.proteinatlas.org/31427/1383_G11_2,"Nucleoplasm,Aggresome",RT4,TRUE,0|15,1383_G11_2,1,0,0,0,0,0,0,0,0,0,0,0,0,0,0,1,0,0,0
https://images.proteinatlas.org/3402/1386_D9_1,"Nucleoplasm,Aggresome,Cytosol",RT4,TRUE,0|15|16,1386_D9_1,1,0,0,0,0,0,0,0,0,0,0,0,0,0,0,1,1,0,0
https://images.proteinatlas.org/3402/1386_D9_2,"Nucleoplasm,Aggresome,Cytosol",RT4,TRUE,0|15|16,1386_D9_2,1,0,0,0,0,0,0,0,0,0,0,0,0,0,0,1,1,0,0
https://images.proteinatlas.org/34706/1876_F7_37,"Mitotic spindle,Cytosol",ASC TERT1,TRUE,11|16,1876_F7_37,0,0,0,0,0,0,0,0,0,0,0,1,0,0,0,0,1,0,0
https://images.proteinatlas.org/34814/366_A9_1,"Intermediate filaments,Aggresome",U-2 OS,TRUE,8|15,366_A9_1,0,0,0,0,0,0,0,0,1,0,0,0,0,0,0,1,0,0,0
https://images.proteinatlas.org/34814/366_A9_2,"Intermediate filaments,Aggresome",U-2 OS,TRUE,8|15,366_A9_2,0,0,0,0,0,0,0,0,1,0,0,0,0,0,0,1,0,0,0
https://images.proteinatlas.org/35266/1396_G8_5,"Nucleoplasm,Aggresome",RT4,TRUE,0|15,1396_G8_5,1,0,0,0,0,0,0,0,0,0,0,0,0,0,0,1,0,0,0
https://images.proteinatlas.org/35266/1396_G8_6,"Nucleoplasm,Aggresome",RT4,TRUE,0|15,1396_G8_6,1,0,0,0,0,0,0,0,0,0,0,0,0,0,0,1,0,0,0
https://images.proteinatlas.org/35447/1042_D7_2,"Nuclear speckles,Aggresome",HEK 293,TRUE,4|15,1042_D7_2,0,0,0,0,1,0,0,0,0,0,0,0,0,0,0,1,0,0,0
https://images.proteinatlas.org/38426/433_B7_2,"Nucleoplasm,Nuclear bodies,Aggresome",U-2 OS,TRUE,0|5|15,433_B7_2,1,0,0,0,0,1,0,0,0,0,0,0,0,0,0,1,0,0,0
https://images.proteinatlas.org/38426/433_B7_3,"Nucleoplasm,Nuclear bodies,Aggresome",U-2 OS,TRUE,0|5|15,433_B7_3,1,0,0,0,0,1,0,0,0,0,0,0,0,0,0,1,0,0,0
https://images.proteinatlas.org/40534/806_E12_1,"Plasma membrane,Aggresome,Cytosol",HEK 293,TRUE,13|15|16,806_E12_1,0,0,0,0,0,0,0,0,0,0,0,0,0,1,0,1,1,0,0
https://images.proteinatlas.org/40534/806_E12_2,"Plasma membrane,Aggresome,Cytosol",HEK 293,TRUE,13|15|16,806_E12_2,0,0,0,0,0,0,0,0,0,0,0,0,0,1,0,1,1,0,0
https://images.proteinatlas.org/40706/1639_A6_1,Aggresome,HEK 293,TRUE,15,1639_A6_1,0,0,0,0,0,0,0,0,0,0,0,0,0,0,0,1,0,0,0
https://images.proteinatlas.org/40706/1639_A6_2,Aggresome,HEK 293,TRUE,15,1639_A6_2,0,0,0,0,0,0,0,0,0,0,0,0,0,0,0,1,0,0,0
https://images.proteinatlas.org/40766/1773_A5_4,"Cytokinetic bridge,Mitotic spindle",U-2 OS,TRUE,11,1773_A5_4,0,0,0,0,0,0,0,0,0,0,0,1,0,0,0,0,0,0,0
https://images.proteinatlas.org/41275/1041_H9_1,"Nucleoplasm,Aggresome,Cytosol",CACO-2,TRUE,0|15|16,1041_H9_1,1,0,0,0,0,0,0,0,0,0,0,0,0,0,0,1,1,0,0
https://images.proteinatlas.org/41275/1041_H9_2,"Nucleoplasm,Aggresome,Cytosol",CACO-2,TRUE,0|15|16,1041_H9_2,1,0,0,0,0,0,0,0,0,0,0,0,0,0,0,1,1,0,0
https://images.proteinatlas.org/41741/493_G6_2,"Aggresome,Cytosol",U-2 OS,TRUE,15|16,493_G6_2,0,0,0,0,0,0,0,0,0,0,0,0,0,0,0,1,1,0,0
https://images.proteinatlas.org/42000/1472_D4_3,Aggresome,HEK 293,TRUE,15,1472_D4_3,0,0,0,0,0,0,0,0,0,0,0,0,0,0,0,1,0,0,0
https://images.proteinatlas.org/42027/1848_A3_35,"Plasma membrane,Mitotic spindle,Centriolar satellite",HEL,TRUE,11|12|13,1848_A3_35,0,0,0,0,0,0,0,0,0,0,0,1,1,1,0,0,0,0,0
https://images.proteinatlas.org/42027/1848_A3_37,"Plasma membrane,Mitotic spindle,Centriolar satellite",HEL,TRUE,11|12|13,1848_A3_37,0,0,0,0,0,0,0,0,0,0,0,1,1,1,0,0,0,0,0
https://images.proteinatlas.org/42028/492_A10_4,"Nucleoplasm,Microtubules,Cytokinetic bridge,Mitotic spindle",U-2 OS,TRUE,0|10|11,492_A10_4,1,0,0,0,0,0,0,0,0,0,1,1,0,0,0,0,0,0,0
https://images.proteinatlas.org/43835/1876_E5_33,"Vesicles,Mitotic spindle,Cytosol",ASC TERT1,TRUE,11|16|17,1876_E5_33,0,0,0,0,0,0,0,0,0,0,0,1,0,0,0,0,1,1,0
https://images.proteinatlas.org/43835/1876_E5_34,"Vesicles,Mitotic spindle,Cytosol",ASC TERT1,TRUE,11|16|17,1876_E5_34,0,0,0,0,0,0,0,0,0,0,0,1,0,0,0,0,1,1,0
https://images.proteinatlas.org/44880/1042_H11_2,"Aggresome,Cytosol",HEK 293,TRUE,15|16,1042_H11_2,0,0,0,0,0,0,0,0,0,0,0,0,0,0,0,1,1,0,0
https://images.proteinatlas.org/47118/732_H5_2,"Nucleoplasm,Nucleoli,Aggresome",HEK 293,TRUE,0|2|15,732_H5_2,1,0,1,0,0,0,0,0,0,0,0,0,0,0,0,1,0,0,0
https://images.proteinatlas.org/47118/732_H5_3,"Nucleoplasm,Nucleoli,Aggresome",HEK 293,TRUE,0|2|15,732_H5_3,1,0,1,0,0,0,0,0,0,0,0,0,0,0,0,1,0,0,0
https://images.proteinatlas.org/48876/1773_D8_13,"Nuclear bodies,Midbody,Mitotic spindle",U-2 OS,TRUE,5|11,1773_D8_13,0,0,0,0,0,1,0,0,0,0,0,1,0,0,0,0,0,0,0
https://images.proteinatlas.org/48876/1773_D8_5,"Nuclear bodies,Midbody,Mitotic spindle",U-2 OS,TRUE,5|11,1773_D8_5,0,0,0,0,0,1,0,0,0,0,0,1,0,0,0,0,0,0,0
https://images.proteinatlas.org/50783/716_F11_2,"Cell Junctions,Aggresome",HEK 293,TRUE,13|15,716_F11_2,0,0,0,0,0,0,0,0,0,0,0,0,0,1,0,1,0,0,0
https://images.proteinatlas.org/50783/716_F11_3,"Cell Junctions,Aggresome",HEK 293,TRUE,13|15,716_F11_3,0,0,0,0,0,0,0,0,0,0,0,0,0,1,0,1,0,0,0
https://images.proteinatlas.org/51255/1770_D2_3,"Nucleoplasm,Nuclear speckles,Plasma membrane,Mitotic spindle,Cytosol",HEL,TRUE,0|4|11|13|16,1770_D2_3,1,0,0,0,1,0,0,0,0,0,0,1,0,1,0,0,1,0,0
https://images.proteinatlas.org/51255/1770_D2_4,"Nucleoplasm,Nuclear speckles,Plasma membrane,Mitotic spindle,Cytosol",HEL,TRUE,0|4|11|13|16,1770_D2_4,1,0,0,0,1,0,0,0,0,0,0,1,0,1,0,0,1,0,0
https://images.proteinatlas.org/53776/840_H3_5,"Cytokinetic bridge,Mitotic spindle,Cytosol",MCF7,TRUE,11|16,840_H3_5,0,0,0,0,0,0,0,0,0,0,0,1,0,0,0,0,1,0,0
https://images.proteinatlas.org/53776/840_H3_6,"Cytokinetic bridge,Mitotic spindle,Cytosol",MCF7,TRUE,11|16,840_H3_6,0,0,0,0,0,0,0,0,0,0,0,1,0,0,0,0,1,0,0
https://images.proteinatlas.org/56174/1035_C2_1,"Centriolar satellite,Aggresome",HEK 293,TRUE,12|15,1035_C2_1,0,0,0,0,0,0,0,0,0,0,0,0,1,0,0,1,0,0,0
https://images.proteinatlas.org/56174/1035_C2_3,"Centriolar satellite,Aggresome",HEK 293,TRUE,12|15,1035_C2_3,0,0,0,0,0,0,0,0,0,0,0,0,1,0,0,1,0,0,0
https://images.proteinatlas.org/56406/1386_D3_1,Aggresome,RT4,TRUE,15,1386_D3_1,0,0,0,0,0,0,0,0,0,0,0,0,0,0,0,1,0,0,0
https://images.proteinatlas.org/56406/1386_D3_3,Aggresome,RT4,TRUE,15,1386_D3_3,0,0,0,0,0,0,0,0,0,0,0,0,0,0,0,1,0,0,0
https://images.proteinatlas.org/56470/970_D8_1,"Nuclear bodies,Aggresome",U-2 OS,TRUE,5|15,970_D8_1,0,0,0,0,0,1,0,0,0,0,0,0,0,0,0,1,0,0,0
https://images.proteinatlas.org/56470/970_D8_2,"Nuclear bodies,Aggresome",U-2 OS,TRUE,5|15,970_D8_2,0,0,0,0,0,1,0,0,0,0,0,0,0,0,0,1,0,0,0
https://images.proteinatlas.org/59632/1422_C12_1,"Nucleoplasm,Aggresome",RT4,TRUE,0|15,1422_C12_1,1,0,0,0,0,0,0,0,0,0,0,0,0,0,0,1,0,0,0
https://images.proteinatlas.org/59632/1422_C12_2,"Nucleoplasm,Aggresome",RT4,TRUE,0|15,1422_C12_2,1,0,0,0,0,0,0,0,0,0,0,0,0,0,0,1,0,0,0
https://images.proteinatlas.org/59700/1382_E8_1,"Nucleoplasm,Aggresome",RT4,TRUE,0|15,1382_E8_1,1,0,0,0,0,0,0,0,0,0,0,0,0,0,0,1,0,0,0
https://images.proteinatlas.org/59700/1382_E8_2,"Nucleoplasm,Aggresome",RT4,TRUE,0|15,1382_E8_2,1,0,0,0,0,0,0,0,0,0,0,0,0,0,0,1,0,0,0
https://images.proteinatlas.org/60938/1393_F7_4,Aggresome,RT4,TRUE,15,1393_F7_4,0,0,0,0,0,0,0,0,0,0,0,0,0,0,0,1,0,0,0
https://images.proteinatlas.org/60938/1393_F7_5,Aggresome,RT4,TRUE,15,1393_F7_5,0,0,0,0,0,0,0,0,0,0,0,0,0,0,0,1,0,0,0
https://images.proteinatlas.org/61399/1130_H8_2,"Intermediate filaments,Aggresome",U-2 OS,TRUE,8|15,1130_H8_2,0,0,0,0,0,0,0,0,1,0,0,0,0,0,0,1,0,0,0
https://images.proteinatlas.org/61399/1130_H8_4,"Intermediate filaments,Aggresome",U-2 OS,TRUE,8|15,1130_H8_4,0,0,0,0,0,0,0,0,1,0,0,0,0,0,0,1,0,0,0
https://images.proteinatlas.org/61506/1876_E12_33,"Nucleoplasm,Mitotic spindle",ASC TERT1,TRUE,0|11,1876_E12_33,1,0,0,0,0,0,0,0,0,0,0,1,0,0,0,0,0,0,0
https://images.proteinatlas.org/61506/1876_E12_42,"Nucleoplasm,Mitotic spindle",ASC TERT1,TRUE,0|11,1876_E12_42,1,0,0,0,0,0,0,0,0,0,0,1,0,0,0,0,0,0,0
https://images.proteinatlas.org/61600/1761_A10_3,"Microtubules,Mitotic spindle,Mitochondria",Hep G2,TRUE,10|11|14,1761_A10_3,0,0,0,0,0,0,0,0,0,0,1,1,0,0,1,0,0,0,0
https://images.proteinatlas.org/61600/1761_A10_5,"Microtubules,Mitotic spindle,Mitochondria",Hep G2,TRUE,10|11|14,1761_A10_5,0,0,0,0,0,0,0,0,0,0,1,1,0,0,1,0,0,0,0
https://images.proteinatlas.org/61749/1385_F7_1,"Nucleoplasm,Aggresome",RT4,TRUE,0|15,1385_F7_1,1,0,0,0,0,0,0,0,0,0,0,0,0,0,0,1,0,0,0
https://images.proteinatlas.org/61749/1385_F7_4,"Nucleoplasm,Aggresome",RT4,TRUE,0|15,1385_F7_4,1,0,0,0,0,0,0,0,0,0,0,0,0,0,0,1,0,0,0
https://images.proteinatlas.org/62573/1595_H2_2,"Nucleoplasm,Midbody,Mitotic spindle",AF22,TRUE,0|11,1595_H2_2,1,0,0,0,0,0,0,0,0,0,0,1,0,0,0,0,0,0,0
https://images.proteinatlas.org/62573/1595_H2_3,"Nucleoplasm,Midbody,Mitotic spindle",AF22,TRUE,0|11,1595_H2_3,1,0,0,0,0,0,0,0,0,0,0,1,0,0,0,0,0,0,0
https://images.proteinatlas.org/62742/1677_A1_1,"Vesicles,Aggresome",REH,TRUE,15|17,1677_A1_1,0,0,0,0,0,0,0,0,0,0,0,0,0,0,0,1,0,1,0
https://images.proteinatlas.org/62742/1677_A1_2,"Vesicles,Aggresome",REH,TRUE,15|17,1677_A1_2,0,0,0,0,0,0,0,0,0,0,0,0,0,0,0,1,0,1,0
https://images.proteinatlas.org/62856/1943_E10_2,"Nucleoplasm,Aggresome",RT4,TRUE,0|15,1943_E10_2,1,0,0,0,0,0,0,0,0,0,0,0,0,0,0,1,0,0,0
https://images.proteinatlas.org/62856/1943_E10_3,"Nucleoplasm,Aggresome",RT4,TRUE,0|15,1943_E10_3,1,0,0,0,0,0,0,0,0,0,0,0,0,0,0,1,0,0,0
https://images.proteinatlas.org/6433/1421_B3_2,"Golgi apparatus,Aggresome",RT4,TRUE,7|15,1421_B3_2,0,0,0,0,0,0,0,1,0,0,0,0,0,0,0,1,0,0,0
https://images.proteinatlas.org/6433/1421_B3_4,"Golgi apparatus,Aggresome",RT4,TRUE,7|15,1421_B3_4,0,0,0,0,0,0,0,1,0,0,0,0,0,0,0,1,0,0,0
https://images.proteinatlas.org/64711/1273_A11_2,"Golgi apparatus,Plasma membrane,Aggresome,Cytosol",HEK 293,TRUE,7|13|15|16,1273_A11_2,0,0,0,0,0,0,0,1,0,0,0,0,0,1,0,1,1,0,0
https://images.proteinatlas.org/64732/1273_E11_3,"Nucleoplasm,Aggresome",HEK 293,TRUE,0|15,1273_E11_3,1,0,0,0,0,0,0,0,0,0,0,0,0,0,0,1,0,0,0
https://images.proteinatlas.org/64770/1560_D1_1,"Nucleoplasm,Aggresome",RT4,TRUE,0|15,1560_D1_1,1,0,0,0,0,0,0,0,0,0,0,0,0,0,0,1,0,0,0
https://images.proteinatlas.org/64770/1560_D1_2,"Nucleoplasm,Aggresome",RT4,TRUE,0|15,1560_D1_2,1,0,0,0,0,0,0,0,0,0,0,0,0,0,0,1,0,0,0
https://images.proteinatlas.org/6539/1293_G6_1,"Plasma membrane,Aggresome",Hep G2,TRUE,13|15,1293_G6_1,0,0,0,0,0,0,0,0,0,0,0,0,0,1,0,1,0,0,0
https://images.proteinatlas.org/6539/1293_G6_2,"Plasma membrane,Aggresome",Hep G2,TRUE,13|15,1293_G6_2,0,0,0,0,0,0,0,0,0,0,0,0,0,1,0,1,0,0,0
https://images.proteinatlas.org/66547/1854_F7_1,"Mitotic spindle,Centriolar satellite,Cytosol",K-562,TRUE,11|12|16,1854_F7_1,0,0,0,0,0,0,0,0,0,0,0,1,1,0,0,0,1,0,0
https://images.proteinatlas.org/66547/1854_F7_2,"Mitotic spindle,Centriolar satellite,Cytosol",K-562,TRUE,11|12|16,1854_F7_2,0,0,0,0,0,0,0,0,0,0,0,1,1,0,0,0,1,0,0
https://images.proteinatlas.org/70297/1816_C3_1,"Nucleoplasm,Mitotic spindle",Hep G2,TRUE,0|11,1816_C3_1,1,0,0,0,0,0,0,0,0,0,0,1,0,0,0,0,0,0,0
https://images.proteinatlas.org/70297/1816_C3_3,"Nucleoplasm,Mitotic spindle",Hep G2,TRUE,0|11,1816_C3_3,1,0,0,0,0,0,0,0,0,0,0,1,0,0,0,0,0,0,0
https://images.proteinatlas.org/70765/1778_F2_1,"Mitotic spindle,Centriolar satellite,Cytosol",REH,TRUE,11|12|16,1778_F2_1,0,0,0,0,0,0,0,0,0,0,0,1,1,0,0,0,1,0,0
https://images.proteinatlas.org/70765/1778_F2_3,"Mitotic spindle,Centriolar satellite,Cytosol",REH,TRUE,11|12|16,1778_F2_3,0,0,0,0,0,0,0,0,0,0,0,1,1,0,0,0,1,0,0
https://images.proteinatlas.org/70819/1385_D10_2,"Nucleoplasm,Aggresome",RT4,TRUE,0|15,1385_D10_2,1,0,0,0,0,0,0,0,0,0,0,0,0,0,0,1,0,0,0
https://images.proteinatlas.org/70819/1385_D10_4,"Nucleoplasm,Aggresome",RT4,TRUE,0|15,1385_D10_4,1,0,0,0,0,0,0,0,0,0,0,0,0,0,0,1,0,0,0
https://images.proteinatlas.org/7158/1386_D6_1,"Mitochondria,Aggresome",RT4,TRUE,14|15,1386_D6_1,0,0,0,0,0,0,0,0,0,0,0,0,0,0,1,1,0,0,0
https://images.proteinatlas.org/7158/1386_D6_2,"Mitochondria,Aggresome",RT4,TRUE,14|15,1386_D6_2,0,0,0,0,0,0,0,0,0,0,0,0,0,0,1,1,0,0,0
https://images.proteinatlas.org/71740/1382_B4_2,"Nucleoplasm,Aggresome",RT4,TRUE,0|15,1382_B4_2,1,0,0,0,0,0,0,0,0,0,0,0,0,0,0,1,0,0,0
https://images.proteinatlas.org/71740/1382_B4_3,"Nucleoplasm,Aggresome",RT4,TRUE,0|15,1382_B4_3,1,0,0,0,0,0,0,0,0,0,0,0,0,0,0,1,0,0,0
https://images.proteinatlas.org/73098/1578_D8_6,"Centriolar satellite,Aggresome",HEK 293,TRUE,12|15,1578_D8_6,0,0,0,0,0,0,0,0,0,0,0,0,1,0,0,1,0,0,0
https://images.proteinatlas.org/73633/1410_E10_5,"Aggresome,Cytosol",Hep G2,TRUE,15|16,1410_E10_5,0,0,0,0,0,0,0,0,0,0,0,0,0,0,0,1,1,0,0
https://images.proteinatlas.org/73633/1410_E10_6,"Aggresome,Cytosol",Hep G2,TRUE,15|16,1410_E10_6,0,0,0,0,0,0,0,0,0,0,0,0,0,0,0,1,1,0,0
https://images.proteinatlas.org/73819/1928_H11_1,"Vesicles,Mitotic spindle",CACO-2,TRUE,11|17,1928_H11_1,0,0,0,0,0,0,0,0,0,0,0,1,0,0,0,0,0,1,0
https://images.proteinatlas.org/73819/1928_H11_2,"Vesicles,Mitotic spindle",CACO-2,TRUE,11|17,1928_H11_2,0,0,0,0,0,0,0,0,0,0,0,1,0,0,0,0,0,1,0
https://images.proteinatlas.org/74112/1564_H5_2,"Golgi apparatus,Aggresome",HEK 293,TRUE,7|15,1564_H5_2,0,0,0,0,0,0,0,1,0,0,0,0,0,0,0,1,0,0,0
https://images.proteinatlas.org/77069/1917_D11_3,"Nucleoplasm,Nucleoli,Cytokinetic bridge,Mitotic spindle",Hep G2,TRUE,0|2|11,1917_D11_3,1,0,1,0,0,0,0,0,0,0,0,1,0,0,0,0,0,0,0
https://images.proteinatlas.org/77069/1917_D11_6,"Nucleoplasm,Nucleoli,Cytokinetic bridge,Mitotic spindle",Hep G2,TRUE,0|2|11,1917_D11_6,1,0,1,0,0,0,0,0,0,0,0,1,0,0,0,0,0,0,0
https://images.proteinatlas.org/79501/2010_H4_1,"Microtubules,Mitotic spindle",JURKAT,TRUE,10|11,2010_H4_1,0,0,0,0,0,0,0,0,0,0,1,1,0,0,0,0,0,0,0
https://images.proteinatlas.org/79501/2010_H4_4,"Microtubules,Mitotic spindle",JURKAT,TRUE,10|11,2010_H4_4,0,0,0,0,0,0,0,0,0,0,1,1,0,0,0,0,0,0,0
